filename,direction,crown_trans_slices,root_slices,crown_root_ratio_slices,crown_trans_mm,root_mm,crown_root_ratio_mm,trans_ratio_used
upper_right_central_incisor_fdi11.csv,Giảm dần,46,57,0.807,9.9,12.32,0.804,0.25
upper_right_canine_fdi13.csv,Giảm dần,45,79,0.57,9.68,17.16,0.564,0.2
upper_right_first_premolar_fdi14.csv,Giảm dần,37,53,0.698,7.92,11.44,0.692,0.2
upper_right_first_molar_fdi16.csv,Giảm dần,34,46,0.739,7.26,9.9,0.733,0.15
upper_left_central_incisor_fdi21.csv,Giảm dần,44,58,0.759,9.46,12.54,0.754,0.25
upper_left_canine_fdi23.csv,Giảm dần,47,67,0.701,10.12,14.52,0.697,0.2
upper_left_first_premolar_fdi24.csv,Giảm dần,39,54,0.722,8.36,11.66,0.717,0.2
upper_left_first_molar_fdi26.csv,Giảm dần,34,49,0.694,7.26,10.56,0.688,0.15
lower_right_central_incisor_fdi41.csv,Tăng dần,27,57,0.474,5.72,12.32,0.464,0.25
lower_right_canine_fdi43.csv,Tăng dần,43,62,0.694,9.24,13.42,0.689,0.2
lower_right_first_premolar_fdi44.csv,Tăng dần,39,57,0.684,8.36,12.32,0.679,0.2
lower_right_first_molar_fdi46.csv,Tăng dần,32,52,0.615,6.82,11.22,0.608,0.15
lower_left_central_incisor_fdi31.csv,Tăng dần,30,10,3.0,6.38,1.98,3.222,0.25
lower_left_canine_fdi33.csv,Tăng dần,25,65,0.385,5.28,14.08,0.375,0.2
lower_left_first_premolar_fdi34.csv,Tăng dần,40,58,0.69,8.58,12.54,0.684,0.2
lower_left_first_molar_fdi36.csv,Tăng dần,31,54,0.574,6.6,11.66,0.566,0.15
