slice_index,z_mm,n_shell_voxels,mean_HU,std_HU,min_HU,max_HU
455,72.799995,3,506.7103271484375,60.46734619140625,439.9159851074219,586.3496704101562
456,72.96,37,1338.1497802734375,368.5416259765625,551.8968505859375,1963.595703125
457,73.119995,81,1609.419189453125,649.08251953125,194.2870330810547,2327.505615234375
458,73.28,161,1415.2137451171875,605.4778442382812,261.7895812988281,2320.467529296875
459,73.439995,276,1664.4227294921875,589.884521484375,197.9104461669922,3071.0
460,73.6,476,1614.7725830078125,659.7997436523438,176.6028594970703,3071.0
461,73.76,668,1594.9757080078125,689.518798828125,-109.58399963378906,3071.0
462,73.92,760,1485.988525390625,649.2155151367188,-162.34445190429688,3071.0
463,74.08,708,1583.075927734375,630.0293579101562,-67.24740600585938,3071.0
464,74.24,619,1587.1025390625,647.1709594726562,71.6264419555664,3071.0
465,74.4,579,1554.009033203125,658.5362548828125,170.3490753173828,3071.0
466,74.56,581,1723.75732421875,696.8072509765625,173.15585327148438,3071.0
467,74.72,578,1888.7467041015625,748.7760620117188,274.5805969238281,3071.0
468,74.88,574,1915.1864013671875,740.2730712890625,273.337890625,3071.0
469,75.04,578,1855.18896484375,728.7249755859375,244.2676239013672,3071.0
470,75.2,564,1658.375,669.7056884765625,370.3883972167969,3071.0
471,75.36,492,1544.5010986328125,683.7339477539062,387.6119079589844,3071.0
472,75.52,481,1475.294189453125,695.9629516601562,408.16876220703125,3071.0
473,75.68,539,1480.554443359375,757.2788696289062,285.07928466796875,3071.0
474,75.84,567,1473.3397216796875,747.3999633789062,289.12335205078125,3071.0
475,76.0,533,1335.290283203125,639.976806640625,313.7774353027344,3071.0
476,76.159996,493,1256.0284423828125,595.5217895507812,225.57492065429688,3071.0
477,76.32,505,1155.6279296875,468.5748291015625,58.799007415771484,2893.463134765625
478,76.479996,497,1139.5472412109375,519.816650390625,52.888431549072266,3071.0
479,76.64,487,1154.55517578125,511.3383483886719,177.00233459472656,3059.684814453125
480,76.799995,466,1107.80126953125,417.99041748046875,296.6114196777344,2624.142578125
481,76.96,450,1083.3116455078125,371.12451171875,323.10205078125,2071.994384765625
482,77.119995,483,1061.5328369140625,381.6887512207031,232.2255859375,1833.3028564453125
483,77.28,478,1074.5399169921875,391.1557922363281,230.1261749267578,1835.7314453125
484,77.439995,439,1108.6455078125,401.50592041015625,221.56341552734375,1793.9755859375
485,77.6,453,1113.3900146484375,395.2618408203125,144.56039428710938,1787.5321044921875
486,77.759995,489,1098.533203125,399.9977111816406,172.72373962402344,1790.0814208984375
487,77.92,475,1096.7320556640625,409.9328308105469,115.02843475341797,1805.41845703125
488,78.08,462,1103.8055419921875,421.0578308105469,129.92713928222656,1752.5279541015625
489,78.24,482,1099.1376953125,435.5901184082031,34.572357177734375,1792.1915283203125
490,78.4,484,1110.8265380859375,438.66693115234375,127.27639770507812,1813.2642822265625
491,78.56,469,1126.4578857421875,446.0709228515625,51.44410705566406,1849.99658203125
492,78.72,452,1153.421142578125,443.108642578125,112.19869995117188,1853.0057373046875
493,78.88,427,1187.9715576171875,414.3695068359375,201.2818603515625,1854.973388671875
494,79.04,431,1193.4222412109375,407.1003723144531,217.8331298828125,1848.8111572265625
495,79.2,440,1159.2236328125,417.5284118652344,120.31169128417969,1901.0146484375
496,79.36,461,1143.1241455078125,401.8286437988281,177.78358459472656,1964.0501708984375
497,79.52,428,1146.7640380859375,391.7705993652344,165.70896911621094,2048.364501953125
498,79.68,423,1161.6187744140625,378.9718322753906,180.8545379638672,1968.8404541015625
499,79.84,440,1128.6279296875,388.0331726074219,215.55508422851562,1912.7320556640625
500,80.0,447,1104.06201171875,394.7265930175781,125.7237777709961,2017.706298828125
501,80.159996,435,1114.3302001953125,399.8835754394531,127.41277313232422,2107.767333984375
502,80.32,415,1109.36767578125,392.7317199707031,91.44749450683594,2004.1439208984375
503,80.479996,448,1039.67138671875,403.1302795410156,61.801998138427734,2010.333251953125
504,80.64,488,986.4177856445312,390.3054504394531,5.697683811187744,1962.01611328125
505,80.799995,468,989.3819580078125,380.81890869140625,59.542972564697266,1959.7445068359375
506,80.96,432,997.5165405273438,353.5721740722656,151.54791259765625,1955.6868896484375
507,81.119995,442,982.8386840820312,351.4304504394531,209.09854125976562,1933.5418701171875
508,81.28,472,946.4961547851562,342.62457275390625,128.76861572265625,1875.90966796875
509,81.439995,461,927.4284057617188,321.1807556152344,222.13156127929688,1868.92041015625
510,81.6,465,907.5460205078125,318.8462219238281,60.37467956542969,1893.8756103515625
511,81.759995,461,909.7572021484375,314.8147277832031,66.39251708984375,1878.7637939453125
512,81.92,468,875.509765625,292.5730285644531,237.5048370361328,1785.4747314453125
513,82.08,451,870.40771484375,270.5695495605469,149.95761108398438,1709.8699951171875
514,82.24,471,865.1812744140625,265.5850830078125,165.2661895751953,1700.1519775390625
515,82.4,468,857.3601684570312,248.187744140625,131.73011779785156,1556.165283203125
516,82.56,456,831.8444213867188,220.70021057128906,177.93099975585938,1244.2958984375
517,82.72,436,830.6920776367188,224.69699096679688,156.39163208007812,1247.55908203125
518,82.88,464,819.8450927734375,233.4121551513672,112.9674301147461,1197.570068359375
519,83.04,474,812.4700317382812,231.51513671875,130.35855102539062,1215.33837890625
520,83.2,477,803.5504150390625,225.82546997070312,167.53099060058594,1182.2713623046875
521,83.36,479,799.78125,220.57447814941406,119.2403793334961,1214.900146484375
522,83.52,477,795.8096923828125,221.65988159179688,156.81478881835938,1204.650390625
523,83.68,483,786.072998046875,219.22348022460938,145.9065399169922,1119.7808837890625
524,83.84,477,785.7246704101562,206.25770568847656,289.8687438964844,1148.4990234375
525,84.0,479,773.4218139648438,217.6708984375,158.3211669921875,1173.7093505859375
526,84.159996,478,767.7142944335938,219.32237243652344,138.70895385742188,1167.6085205078125
527,84.32,467,765.9459228515625,217.93727111816406,155.7589569091797,1144.63818359375
528,84.479996,455,769.2236938476562,210.3633270263672,227.0700225830078,1133.4154052734375
529,84.64,469,766.96533203125,214.13294982910156,209.57464599609375,1153.5997314453125
530,84.799995,467,782.1546020507812,216.6283416748047,175.0947265625,1160.9354248046875
531,84.96,450,777.5599975585938,211.4003448486328,181.27127075195312,1127.376220703125
532,85.119995,449,773.626953125,209.58096313476562,201.36660766601562,1153.802734375
533,85.28,454,771.3799438476562,217.18917846679688,166.81820678710938,1157.2314453125
534,85.439995,440,779.3705444335938,207.3869171142578,202.0314178466797,1139.8475341796875
535,85.6,431,783.5853271484375,198.31304931640625,226.53164672851562,1132.505615234375
536,85.759995,438,784.3552856445312,192.76718139648438,189.8970947265625,1101.100341796875
537,85.92,429,782.16650390625,196.22862243652344,234.50367736816406,1104.478271484375
538,86.08,419,767.6388549804688,190.91311645507812,251.2029266357422,1111.9359130859375
539,86.24,438,775.8326416015625,187.3025665283203,181.38494873046875,1123.672119140625
540,86.4,455,783.913330078125,195.1802978515625,152.51214599609375,1144.084716796875
541,86.56,440,798.7318115234375,190.33822631835938,225.66636657714844,1151.2117919921875
542,86.72,427,800.2717895507812,182.76052856445312,237.240966796875,1129.090087890625
543,86.88,433,791.8911743164062,193.73423767089844,167.76268005371094,1150.7255859375
544,87.04,425,785.488037109375,191.68675231933594,124.77851867675781,1133.232177734375
545,87.2,413,783.7245483398438,200.30621337890625,217.0968780517578,1157.380126953125
546,87.36,409,801.9119262695312,201.83474731445312,208.18887329101562,1161.2869873046875
547,87.52,391,805.6586303710938,197.16461181640625,245.35906982421875,1179.7216796875
548,87.68,382,816.64111328125,188.89430236816406,244.99667358398438,1175.78271484375
549,87.84,395,819.0088500976562,193.292236328125,222.01234436035156,1182.1361083984375
550,88.0,390,826.4613037109375,181.79812622070312,221.0591583251953,1193.569580078125
551,88.159996,387,822.0122680664062,188.36643981933594,195.48593139648438,1209.44580078125
552,88.32,387,825.4442749023438,187.42581176757812,242.22720336914062,1225.6497802734375
553,88.479996,387,827.7344970703125,187.43116760253906,269.47430419921875,1206.5262451171875
554,88.64,384,815.2053833007812,201.50135803222656,175.5737762451172,1211.873779296875
555,88.799995,379,819.2564086914062,198.57492065429688,297.49786376953125,1216.3131103515625
556,88.96,375,825.7086791992188,197.3531494140625,117.35596466064453,1193.8311767578125
557,89.119995,374,834.297119140625,196.68284606933594,235.18701171875,1211.8067626953125
558,89.28,372,826.9085083007812,201.61074829101562,208.48397827148438,1230.416015625
559,89.439995,351,814.6087036132812,202.9160614013672,257.8577880859375,1229.249755859375
560,89.6,349,819.942626953125,204.83721923828125,214.649658203125,1197.2701416015625
561,89.759995,343,838.8463134765625,198.5144805908203,293.2648620605469,1220.582275390625
562,89.92,343,843.9332885742188,200.08953857421875,259.0567321777344,1202.06787109375
563,90.079994,349,833.6788940429688,209.5255126953125,160.9314727783203,1193.037353515625
564,90.24,361,830.1864013671875,213.13729858398438,207.0612030029297,1262.8199462890625
565,90.4,354,829.9747314453125,201.5263671875,278.2655029296875,1199.403076171875
566,90.56,334,831.210693359375,201.582763671875,229.10464477539062,1194.7196044921875
567,90.72,319,844.018798828125,201.13206481933594,281.57244873046875,1266.110107421875
568,90.88,325,852.752685546875,202.87161254882812,313.3287048339844,1288.1514892578125
569,91.04,308,852.1277465820312,196.04798889160156,226.94012451171875,1202.7777099609375
570,91.2,300,849.0610961914062,200.34104919433594,211.43992614746094,1184.42333984375
571,91.36,305,850.73583984375,204.16412353515625,193.07376098632812,1185.184326171875
572,91.52,290,862.243408203125,202.62673950195312,297.5633239746094,1172.460693359375
573,91.68,279,859.7776489257812,198.60923767089844,173.06509399414062,1155.8720703125
574,91.84,256,854.9974365234375,210.2836456298828,153.9366912841797,1124.172119140625
575,92.0,239,870.3607177734375,190.57235717773438,222.0137939453125,1132.071533203125
576,92.159996,230,872.1714477539062,186.30072021484375,324.9100646972656,1130.335205078125
577,92.32,216,873.225830078125,190.9992218017578,201.6477508544922,1119.9981689453125
578,92.479996,208,866.8010864257812,177.71099853515625,203.74462890625,1097.609619140625
579,92.64,206,862.5614624023438,160.3186492919922,357.54144287109375,1109.8565673828125
580,92.799995,219,832.8938598632812,178.65493774414062,264.8428649902344,1092.970947265625
581,92.96,204,826.2346801757812,191.695556640625,201.4394989013672,1099.9278564453125
582,93.119995,209,821.1997680664062,194.8953094482422,285.9532470703125,1129.6754150390625
583,93.28,231,835.66552734375,175.79034423828125,335.81915283203125,1085.196044921875
584,93.439995,217,826.1390991210938,182.12071228027344,226.077392578125,1059.783935546875
585,93.6,171,821.5711059570312,182.1398162841797,235.53048706054688,1051.0467529296875
586,93.759995,121,810.5969848632812,162.08541870117188,401.0369567871094,1021.6763305664062
587,93.92,79,843.8018188476562,150.2522735595703,466.9053955078125,1019.3425903320312
588,94.079994,62,775.9937744140625,187.6074981689453,242.46144104003906,1031.1734619140625
589,94.24,32,655.8294067382812,199.79698181152344,184.7835693359375,925.67578125
590,94.4,10,597.449951171875,133.64492797851562,342.77374267578125,833.07568359375
